GPT-Truthful acc,GPT-Truthful-Informative acc,MC1,MC2,bleu acc,rouge1 acc,CE Loss,KL wrt Orig
0.6518987341772152,0.4,0.39367088607594936,0.5811205433351375,0.5569620253164557,0.5784810126582278,2.7997425425052644,0.0003335593911469914
