GPT-Informative acc,GPT-Truthful acc,GPT-Truthful-Informative acc,MC1,MC2,bleu acc,rouge1 acc,CE Loss,KL wrt Orig
0.5354430379746835,0.720253164556962,0.389873417721519,0.45569620253164556,0.6402531496915469,0.6772151898734177,0.710126582278481,2.569958355426788,0.0002486890175350709
