GPT-Informative acc,GPT-Truthful acc,GPT-Truthful-Informative acc,MC1,MC2,bleu acc,rouge1 acc,CE Loss,KL wrt Orig
0.2746835443037975,0.6164556962025316,0.17721518987341772,0.3911392405063291,0.5801772357542824,0.40253164556962023,0.5734177215189873,2.7999458742141723,4.079438483742259e-07
