GPT-Informative acc,GPT-Truthful acc,GPT-Truthful-Informative acc,MC1,MC2,bleu acc,rouge1 acc,CE Loss,KL wrt Orig
0.5506329113924051,0.7215189873417721,0.40253164556962023,0.4582278481012658,0.6397957446221321,0.6721518987341772,0.7177215189873418,2.570183472633362,0.00011478042964881752
