GPT-Informative acc,GPT-Truthful acc,GPT-Truthful-Informative acc,MC1,MC2,bleu acc,rouge1 acc,CE Loss,KL wrt Orig
0.2708860759493671,0.6164556962025316,0.1759493670886076,0.3911392405063291,0.5801772357542824,0.3962025316455696,0.5721518987341773,2.7999458742141723,9.44321980568541e-08
