GPT-Informative acc,GPT-Truthful acc,GPT-Truthful-Informative acc,MC1,MC2,bleu acc,rouge1 acc,CE Loss,KL wrt Orig
0.6518987341772152,0.6367088607594936,0.4607594936708861,0.39367088607594936,0.5793217372663452,0.5481012658227848,0.5683544303797469,2.8193730974197386,0.005932182627730071
