GPT-Informative acc,GPT-Truthful acc,GPT-Truthful-Informative acc,MC1,MC2,bleu acc,rouge1 acc,CE Loss,KL wrt Orig
0.6215189873417721,0.6594936708860759,0.42658227848101266,0.40253164556962023,0.5768859467461014,0.5810126582278481,0.6050632911392405,2.806758258342743,0.018522593807429075
