GPT-Informative acc,GPT-Truthful acc,GPT-Truthful-Informative acc,MC1,MC2,bleu acc,rouge1 acc,CE Loss,KL wrt Orig
0.6329113924050633,0.6569620253164556,0.4379746835443038,0.3810126582278481,0.5646732550880802,0.5594936708860759,0.5734177215189873,2.809657516479492,0.010330826989375055
