GPT-Informative acc,GPT-Truthful acc,GPT-Truthful-Informative acc,MC1,MC2,bleu acc,rouge1 acc,CE Loss,KL wrt Orig
0.5392405063291139,0.7037974683544304,0.3810126582278481,0.45569620253164556,0.6402862155734242,0.6708860759493671,0.7025316455696202,2.5707695150375365,8.136719275171345e-06
