GPT-Informative acc,GPT-Truthful acc,GPT-Truthful-Informative acc,MC1,MC2,bleu acc,rouge1 acc,CE Loss,KL wrt Orig
0.4759493670886076,0.6784810126582278,0.3594936708860759,0.3810126582278481,0.58924043571397,0.6449864498644986,0.6504065040650406,2.899898271560669,0.3458995812386274
