GPT-Informative acc,GPT-Truthful acc,GPT-Truthful-Informative acc,MC1,MC2,bleu acc,rouge1 acc,CE Loss,KL wrt Orig
0.6354430379746835,0.6481012658227848,0.44556962025316454,0.3911392405063291,0.5810609514779675,0.5392405063291139,0.5645569620253165,2.799661693572998,0.0003023970428330358
