GPT-Informative acc,GPT-Truthful acc,GPT-Truthful-Informative acc,MC1,MC2,bleu acc,rouge1 acc,CE Loss,KL wrt Orig
0.5518987341772152,0.720253164556962,0.40253164556962023,0.4582278481012658,0.6404757875787878,0.669620253164557,0.7063291139240506,2.570967698097229,0.00022833193332189695
