GPT-Informative acc,GPT-Truthful acc,GPT-Truthful-Informative acc,MC1,MC2,bleu acc,rouge1 acc,CE Loss,KL wrt Orig
0.5481012658227848,0.730379746835443,0.3949367088607595,0.44936708860759494,0.6434156375563381,0.6759493670886076,0.7151898734177216,2.577589157819748,0.0023277016810607167
