GPT-Informative acc,GPT-Truthful acc,GPT-Truthful-Informative acc,MC1,MC2,bleu acc,rouge1 acc,CE Loss,KL wrt Orig
0.5392405063291139,0.7215189873417721,0.3962025316455696,0.45569620253164556,0.6404417418297639,0.6759493670886076,0.7126582278481013,2.5707622170448303,0.0
