GPT-Informative acc,GPT-Truthful acc,GPT-Truthful-Informative acc,MC1,MC2,bleu acc,rouge1 acc,CE Loss,KL wrt Orig
0.6468354430379747,0.6531645569620254,0.4468354430379747,0.3911392405063291,0.5802840100707432,0.5620253164556962,0.5822784810126582,2.8000956773757935,0.0
