BLEURT acc,GPT-Informative acc,GPT-Truthful acc,GPT-Truthful-Informative acc,MC1,MC2,bleu acc,rouge1 acc,CE Loss,KL wrt Orig
0.6392405063291139,0.26329113924050634,0.6215189873417721,0.15569620253164557,0.3911392405063291,0.5802362919699617,0.5379746835443038,0.5746835443037974,2.8000353169441223,0.0
