GPT-Truthful-Informative acc,MC1,MC2,bleu acc,rouge1 acc,CE Loss,KL wrt Orig
0.024050632911392405,0.3949367088607595,0.5814139969453938,0.5607594936708861,0.5822784810126582,2.799445525407791,0.00323588133091107
