GPT-Informative acc,GPT-Truthful acc,GPT-Truthful-Informative acc,MC1,MC2,bleu acc,rouge1 acc,CE Loss,KL wrt Orig
0.5443037974683544,0.7151898734177216,0.3759493670886076,0.39367088607594936,0.5730648892513961,0.6582278481012658,0.6734177215189874,2.8196837532520296,0.04044108031317592
