BLEURT acc,GPT-Informative acc,GPT-Truthful acc,GPT-Truthful-Informative acc,MC1,MC2,bleu acc,rouge1 acc,CE Loss,KL wrt Orig
0.6632911392405063,0.26582278481012656,0.6392405063291139,0.17721518987341772,0.3987341772151899,0.5830457770777242,0.5759493670886076,0.6088607594936709,2.8022565722465513,0.0008556486849556677
