GPT-Informative acc,GPT-Truthful acc,GPT-Truthful-Informative acc,MC1,MC2,bleu acc,rouge1 acc,CE Loss,KL wrt Orig
0.2569620253164557,0.6303797468354431,0.17088607594936708,0.3911392405063291,0.5801772357542824,0.39746835443037976,0.579746835443038,2.7999458742141723,1.932290362428035e-06
