GPT-Informative acc,GPT-Truthful acc,GPT-Truthful-Informative acc,MC1,MC2,bleu acc,rouge1 acc,CE Loss,KL wrt Orig
0.5810126582278481,0.6822784810126582,0.40253164556962023,0.45949367088607596,0.6415695884941797,0.6556962025316456,0.6911392405063291,2.5764738643169403,0.0033913748303893952
