GPT-Informative acc,GPT-Truthful acc,GPT-Truthful-Informative acc,MC1,MC2,bleu acc,rouge1 acc,CE Loss,KL wrt Orig
0.6506329113924051,0.6506329113924051,0.4670886075949367,0.3911392405063291,0.5813414185493411,0.5392405063291139,0.5620253164556962,2.861046178340912,0.038498133271932605
