GPT-Informative acc,GPT-Truthful acc,GPT-Truthful-Informative acc,MC1,MC2,bleu acc,rouge1 acc,CE Loss,KL wrt Orig
0.610126582278481,0.6594936708860759,0.4189873417721519,0.38354430379746834,0.5798256517078819,0.5443037974683544,0.5594936708860759,2.8303334534168245,0.02494059314019978
