GPT-Informative acc,GPT-Truthful acc,GPT-Truthful-Informative acc,MC1,MC2,bleu acc,rouge1 acc,CE Loss,KL wrt Orig
0.5481012658227848,0.6936708860759494,0.369620253164557,0.4531645569620253,0.6407914589627197,0.6670886075949367,0.7126582278481013,2.572450400590897,0.001679705295828171
