GPT-info acc,GPT-judge acc,MC1,MC2,CE Loss,KL wrt Orig
0.2,0.2,0.0,0.25984600768607086,2.187778488397598,0.000504281502143612
