GPT-Informative acc,GPT-Truthful acc,GPT-Truthful-Informative acc,MC1,MC2,bleu acc,rouge1 acc,CE Loss,KL wrt Orig
0.6367088607594936,0.6582278481012658,0.4708860759493671,0.3949367088607595,0.5814139969453938,0.5607594936708861,0.5822784810126582,2.799445525407791,0.00323588133091107
