GPT-Informative acc,GPT-Truthful acc,GPT-Truthful-Informative acc,MC1,MC2,bleu acc,rouge1 acc,CE Loss,KL wrt Orig
0.47848101265822784,0.7177215189873418,0.37341772151898733,0.31772151898734174,0.49585911469705996,0.6746835443037975,0.6544303797468355,2.769008102416992,0.21089628994464873
