GPT-Informative acc,GPT-Truthful acc,GPT-Truthful-Informative acc,MC1,MC2,bleu acc,rouge1 acc,CE Loss,KL wrt Orig
0.610126582278481,0.620253164556962,0.4240506329113924,0.3987341772151899,0.5781676934700792,0.5564005069708492,0.5792141951837769,2.863347259759903,0.09092951022088527
