GPT-Informative acc,GPT-Truthful acc,GPT-Truthful-Informative acc,MC1,MC2,bleu acc,rouge1 acc,CE Loss,KL wrt Orig
0.25949367088607594,0.6240506329113924,0.16455696202531644,0.3911392405063291,0.5801772357542824,0.4177215189873418,0.5822784810126582,2.7999458742141723,0.00014591044595459402
