GPT-Informative acc,GPT-Truthful acc,GPT-Truthful-Informative acc,MC1,MC2,bleu acc,rouge1 acc,CE Loss,KL wrt Orig
0.5278481012658228,0.720253164556962,0.38734177215189874,0.36455696202531646,0.5339326018007194,0.5911392405063292,0.6278481012658228,2.791912475824356,0.09018100406974554
