BLEURT acc,GPT-Informative acc,GPT-Truthful acc,GPT-Truthful-Informative acc,MC1,MC2,bleu acc,rouge1 acc,CE Loss,KL wrt Orig
0.6354430379746835,0.25316455696202533,0.6354430379746835,0.15949367088607594,0.3911392405063291,0.5802840100707432,0.5607594936708861,0.5822784810126582,2.8000956773757935,2.9196282414406527e-07
