GPT-Truthful acc,GPT-Truthful-Informative acc,MC1,MC2,bleu acc,rouge1 acc,CE Loss,KL wrt Orig
0.6544303797468355,0.060759493670886074,0.3911392405063291,0.5810958946124893,0.5392405063291139,0.5645569620253165,2.7998015487194063,0.0003029699703620281
