GPT-Informative acc,GPT-Truthful acc,GPT-Truthful-Informative acc,MC1,MC2,bleu acc,rouge1 acc,CE Loss,KL wrt Orig
0.27848101265822783,0.6189873417721519,0.17974683544303796,0.3911392405063291,0.5801772357542824,0.3924050632911392,0.5708860759493671,2.7999458742141723,3.3505398133182316e-07
