GPT-Informative acc,GPT-Truthful acc,GPT-Truthful-Informative acc,MC1,MC2,bleu acc,rouge1 acc,CE Loss,KL wrt Orig
0.6151898734177215,0.6151898734177215,0.4291139240506329,0.4139240506329114,0.6130283021779377,0.6278481012658228,0.6367088607594936,2.7445718240737915,0.1910472683608532
