GPT-Informative acc,GPT-Truthful acc,GPT-Truthful-Informative acc,MC1,MC2,bleu acc,rouge1 acc,CE Loss,KL wrt Orig
0.4860759493670886,0.7227848101265822,0.3531645569620253,0.3721518987341772,0.5743896919826402,0.6658227848101266,0.6658227848101266,2.7875757145881654,0.0788290673494339
