GPT-Informative acc,GPT-Truthful acc,GPT-Truthful-Informative acc,MC1,MC2,bleu acc,rouge1 acc,CE Loss,KL wrt Orig
0.31,0.72,0.2,0.28,0.44718389572611583,0.5510204081632653,0.6122448979591837,3.150912927389145,0.9221947383880615
