GPT-Informative acc,GPT-Truthful acc,GPT-Truthful-Informative acc,MC1,MC2,bleu acc,rouge1 acc,CE Loss,KL wrt Orig
0.5556962025316455,0.6974683544303798,0.389873417721519,0.45569620253164556,0.6401962505407766,0.6746835443037975,0.710126582278481,2.571025060415268,0.000111109321078402
