GPT-Informative acc,GPT-Truthful acc,GPT-Truthful-Informative acc,MC1,MC2,bleu acc,rouge1 acc,CE Loss,KL wrt Orig
0.540506329113924,0.7164556962025317,0.3860759493670886,0.4544303797468354,0.6402614916143193,0.6734177215189874,0.7088607594936709,2.5705921876430513,1.1863824247484445e-05
